Category,Year,Award,Title,Mappers,Link
10 Years of Doom,1994,,Crossing Acheron,John Anderson (Dr. Sleep) ,https://www.doomworld.com/idgames/?id=2558
10 Years of Doom,1994,,Aliens TC,Justin Fisher,https://www.doomworld.com/idgames/themes/aliens/alientc1
10 Years of Doom,1994,,Doomsday of UAC,Leo Martin Lim,https://www.doomworld.com/idgames/?id=420
10 Years of Doom,1994,,Galaxia,Pavel Hodek,https://www.doomworld.com/idgames/?id=627
10 Years of Doom,1994,,Serenity,Bjorn Hermans and Holger Nathrath,https://www.doomworld.com/idgames/?id=1033
10 Years of Doom,1994,,Eternity (Serenity 2),Bjorn Hermans and Holger Nathrath,https://www.doomworld.com/idgames/?id=1046
10 Years of Doom,1994,,Trinity College,"Steve McCrea, Simon Wall, & Elias Papavassilopoulos",https://www.doomworld.com/idgames/?id=791
10 Years of Doom,1994,,Return to Phobos,Michael Kelsey,https://www.doomworld.com/idgames/?id=690
10 Years of Doom,1994,,Slaughter Until Death,The Innocent Crew,https://www.doomworld.com/idgames/?id=461
10 Years of Doom,1994,,The Evil Unleashed,The Innocent Crew,https://www.doomworld.com/idgames/?id=941
10 Years of Doom,1995,,Fava Beans,Sean Birkel,https://www.doomworld.com/idgames/?id=3163
10 Years of Doom,1995,,Infinity (Serenity 3),Bjorn Hermans and Holger Nathrath,https://www.doomworld.com/idgames/?id=2016
10 Years of Doom,1995,,Boothill,Various,https://www.doomworld.com/idgames/?id=2276
10 Years of Doom,1995,,Fistful of Doom,Various,https://www.doomworld.com/idgames/?id=7654
10 Years of Doom,1995,,H2H-Xmas,Various,https://www.doomworld.com/idgames/?id=4904
10 Years of Doom,1995,,The Final Gathering (Gather2),Daniel Norman (Stormin),https://www.doomworld.com/idgames/?id=13480
10 Years of Doom,1995,,Artifact,Paul Schmitz,https://www.doomworld.com/idgames/?id=6380
10 Years of Doom,1995,,Nostromo's Run,Rich Johnston (Nostromo),https://www.doomworld.com/idgames/?id=11997
10 Years of Doom,1995,,Obituary,The Innocent Crew,https://www.doomworld.com/idgames/?id=2021
10 Years of Doom,1995,,The Enigma Episode,Jim Flynn,https://www.doomworld.com/idgames/?id=12220
10 Years of Doom,1995,,Dwango5,Various,
10 Years of Doom,1996,,Memento Mori,Various,https://www.doomworld.com/idgames/?id=4855
10 Years of Doom,1996,,Memento Mori 2,Various,https://www.doomworld.com/idgames/?id=6562
10 Years of Doom,1996,,Dystopia 3,Anthony Czerwonka (Adelusion) and Iikka Keränen,https://www.doomworld.com/idgames/?id=5999
10 Years of Doom,1996,,All Hell is Breaking Loose,Joel Huenink,https://www.doomworld.com/idgames/?id=6480
10 Years of Doom,1996,,AOD-DOOM,Various,https://www.doomworld.com/idgames/?id=12283
10 Years of Doom,1996,,Icarus: Alien Vanguard,TeamTNT,https://www.doomworld.com/idgames/?id=5191
10 Years of Doom,1996,,Polygon Base,Rick Lipsey,https://www.doomworld.com/idgames/?id=4529
10 Years of Doom,1996,,99 Ways to Die,Warren Marshall,https://www.doomworld.com/idgames/?id=5508
10 Years of Doom,1996,,The Troopers' Playground,Matthias Worch,https://www.doomworld.com/idgames/?id=5302
10 Years of Doom,1996,,Hidden Mountain Factory,Grzegorz Werner,https://www.doomworld.com/idgames/?id=5563
10 Years of Doom,1997,,Requiem,Various,https://www.doomworld.com/idgames/?id=8194
10 Years of Doom,1997,,Eternal Doom,TeamTNT,https://www.doomworld.com/idgames/?id=8688
10 Years of Doom,1997,,GothicDM,Various,https://www.doomworld.com/idgames/?id=8221
10 Years of Doom,1997,,STRAIN,Alpha Dog Alliance,https://www.doomworld.com/idgames/?id=8467
10 Years of Doom,1997,,Mordeth,Gaston Lahaut (Mordeth),https://www.doomworld.com/idgames/?id=7694
10 Years of Doom,1997,,Talosian Incident,The Black Star Coven,https://www.doomworld.com/idgames/?id=8131
10 Years of Doom,1997,,Dawn of the Dead,Jan Van der Veken,https://www.doomworld.com/idgames/?id=8120
10 Years of Doom,1997,,Hell Revealed,Yonatan Donner and Haggay Niv,https://www.doomworld.com/idgames/?id=7947
10 Years of Doom,1997,,Hell's Eventide,"Marty Ihlen, Travers Dunne (traversd) and Rick Clark",https://www.doomworld.com/idgames/?id=8323
10 Years of Doom,1997,,Chord NG,Malcolm Sailor,https://www.doomworld.com/idgames/?id=8631
10 Years of Doom,1998,,GothicDM 2,Various,https://www.doomworld.com/idgames/?id=9318
10 Years of Doom,1998,,Cyberdreams,Présage (Gonzalo Pérez de la Ossa and Albert Valls),https://www.doomworld.com/idgames/?id=9277
10 Years of Doom,1998,,Phobos,Roger Ritenour,https://www.doomworld.com/idgames/?id=9597
10 Years of Doom,1998,,Earth,Roger Ritenour,https://www.doomworld.com/idgames/?id=9627
10 Years of Doom,1998,,Venom,Ola Björling,https://www.doomworld.com/idgames/?id=9215
10 Years of Doom,1998,,Tantrum 2,Ola Björling,https://www.doomworld.com/idgames/?id=9644
10 Years of Doom,1998,,Dickie 10,Richard Wiles,https://www.doomworld.com/idgames/?id=9621
10 Years of Doom,1998,,Run Buddy,Michael Krause – Boom-compatible,https://www.doomworld.com/idgames/?id=9312
10 Years of Doom,1998,,Odessa 14,Bob Evans,https://www.doomworld.com/idgames/?id=9329
10 Years of Doom,1998,,Crestfallen,Martin Friberg (Cocoon),https://www.doomworld.com/idgames/?id=9524
10 Years of Doom,1999,,Batman Doom,ACE Team,https://www.doomworld.com/idgames/?id=12391
10 Years of Doom,1999,,The Darkening,Various,https://www.doomworld.com/idgames/?id=9907
10 Years of Doom,1999,,KZDoom1,Kurt Kesler,https://www.doomworld.com/idgames/?id=10149
10 Years of Doom,1999,,Crusades,Richard Wiles,https://www.doomworld.com/idgames/?id=10386
10 Years of Doom,1999,,Chord G,Malcolm Sailor,https://www.doomworld.com/idgames/?id=10136
10 Years of Doom,1999,,Jägermörder,Derek MacDonald (Afterglow),https://www.doomworld.com/idgames/?id=10288
10 Years of Doom,1999,,Twilight Warrior,Black Shadow Software,https://www.doomworld.com/idgames/?id=10328
10 Years of Doom,1999,,Demonfear,Adam Windsor,https://www.doomworld.com/idgames/?id=10639
10 Years of Doom,1999,,Assault on Tei Tenga,Sam Ketner,https://www.doomworld.com/idgames/?id=10674
10 Years of Doom,1999,,Herian 2,Ian Wilson,https://www.doomworld.com/idgames/?id=10563
10 Years of Doom,2000,,The Darkening Episode 2,Various,https://www.doomworld.com/idgames/?id=10782
10 Years of Doom,2000,,10 Sectors,Various,https://www.doomworld.com/idgames/?id=10973
10 Years of Doom,2000,,Chord 3,Malcolm Sailor,https://www.doomworld.com/idgames/?id=10860
10 Years of Doom,2000,,Classic Episode,"Jan Van der Veken, et al.",https://www.doomworld.com/idgames/?id=11658
10 Years of Doom,2000,,Hell Factory,Tomi Rajala,https://www.doomworld.com/idgames/?id=10707
10 Years of Doom,2000,,Painful Evil,Tomi Rajala,https://www.doomworld.com/idgames/?id=10986
10 Years of Doom,2000,,ZanZan,Edmundo Bordeu,https://www.doomworld.com/idgames/?id=12287
10 Years of Doom,2000,,KZDoom6,Kurt Kesler,https://www.doomworld.com/idgames/?id=10994
10 Years of Doom,2000,,Atomic Tomb,Brad Spencer (Vorpal),https://www.doomworld.com/idgames/?id=10780
10 Years of Doom,2000,,Containment Area,J.C. Bengtson (SailorScout),https://www.doomworld.com/idgames/?id=10568
10 Years of Doom,2001,,Sin City,Edward Cripps (Ed),https://www.doomworld.com/idgames/?id=11278
10 Years of Doom,2001,,SlayeR,Richard Wiles,https://www.doomworld.com/idgames/?id=11486
10 Years of Doom,2001,,Null Space,Russell Pearson,https://www.doomworld.com/idgames/?id=11435
10 Years of Doom,2001,,Doom Resurrection,Tommie Quick (Fatal),https://www.doomworld.com/idgames/?id=11411
10 Years of Doom,2001,,The Darkest Hour,ReX Claussen,https://www.doomworld.com/idgames/?id=11385
10 Years of Doom,2001,,Equinox,B.P.R.D,https://www.doomworld.com/idgames/?id=11412
10 Years of Doom,2001,,Vrack 2b,Fredrik Johansson,https://www.doomworld.com/idgames/?id=11438
10 Years of Doom,2001,,Phobia,Kristian Käll (Kristus),https://www.doomworld.com/idgames/?id=11324
10 Years of Doom,2001,,KZDoom7,Kurt Kesler,https://www.doomworld.com/idgames/?id=11115
10 Years of Doom,2001,,Revolution!,Thomas van der Velden (t.v.),https://www.doomworld.com/idgames/?id=11848
10 Years of Doom,2002,,Alien Vendetta,Various,https://www.doomworld.com/idgames/?id=11790
10 Years of Doom,2002,,2002 A Doom Odyssey,Various,https://www.doomworld.com/idgames/?id=11657
10 Years of Doom,2002,,Caverns of Darkness,The Chaos Crew,https://www.doomworld.com/idgames/?id=11550
10 Years of Doom,2002,,Dark 7,Bryant Robinson (Gunrock),https://www.doomworld.com/idgames/?id=11772
10 Years of Doom,2002,,Dark 7: Mission Pack,Bryant Robinson (Gunrock),https://www.doomworld.com/idgames/?id=16811
10 Years of Doom,2002,,Nimrod,Unholy Software,https://www.doomworld.com/idgames/?id=11610
10 Years of Doom,2002,,CH Retro Episode,Christian Hansen (c-cooper),https://www.doomworld.com/idgames/?id=11561
10 Years of Doom,2002,,Ruma,Esa Repo (Espi),https://www.doomworld.com/idgames/?id=11572
10 Years of Doom,2002,,007: Licence to Spell DooM,Stephen Clark (The Ultimate DooMer),https://www.doomworld.com/idgames/?id=11787
10 Years of Doom,2002,,"Rip It, Tear It, Smash It",Christian Hansen (c-cooper),https://www.doomworld.com/idgames/?id=11784
10 Years of Doom,2002,,Congestion Control,Karthik Abhiram,https://www.doomworld.com/idgames/?id=11694
10 Years of Doom,2003,,Phobos: Anomaly Reborn,Christopher Lutz,https://www.doomworld.com/idgames/?id=11822
10 Years of Doom,2003,,Void,"Mike ""Cyb"" Watson",https://www.doomworld.com/idgames/?id=12227
10 Years of Doom,2003,,Scythe,Erik Alm,https://www.doomworld.com/idgames/?id=11944
10 Years of Doom,2003,,Brotherhood of Ruin,Kristian Aro,https://www.doomworld.com/idgames/?id=11866
10 Years of Doom,2003,,Doom 64: Absolution,Various,
10 Years of Doom,2003,,MassMouth 2,Mike Watson (Cyb),https://www.doomworld.com/idgames/?id=12090
10 Years of Doom,2003,,Doom Raider,Russell Pearson,https://www.doomworld.com/idgames/?id=12035
10 Years of Doom,2003,,Helpyourselfish,Christian Hansen (c-cooper),https://www.doomworld.com/idgames/?id=11995
10 Years of Doom,2003,,RTC-3057 Demo,Team Future,https://www.doomworld.com/3ddownloads/misc/3057demo.zip
10 Years of Doom,2003,,Space Station Omega,Ethan Watson (GooberMan),https://www.doomworld.com/idgames/?id=11865
11th Cacowards 2004,2004,Winners,Action Doom,Stephen Browning (Scuba Steve),https://www.doomworld.com/idgames/?id=12671
11th Cacowards 2004,2004,Winners,Decade,Russell Pearson,https://www.doomworld.com/idgames/?id=12849
11th Cacowards 2004,2004,Winners,RTC-3057,Team Future,https://www.doomworld.com/idgames/?id=12747
11th Cacowards 2004,2004,Winners,Grove,B.P.R.D,https://www.doomworld.com/idgames/?id=12430
11th Cacowards 2004,2004,Winners,Tremor,Ross Mathieson (zarkyb),https://www.doomworld.com/idgames/?id=12782
11th Cacowards 2004,2004,Winners,Chosen,LilWhiteMouse,https://www.doomworld.com/idgames/?id=12363
11th Cacowards 2004,2004,Winners,Phobos Revisited,ReX Claussen,https://www.doomworld.com/idgames/?id=12835
11th Cacowards 2004,2004,Winners,Hell Revealed 2,Various,https://www.doomworld.com/idgames/?id=12349
11th Cacowards 2004,2004,Winners,Community Chest 2,Various,https://www.doomworld.com/idgames/?id=13024
11th Cacowards 2004,2004,Winners,Zdoom Community Map,Various,https://www.doomworld.com/idgames/?id=12815
11th Cacowards 2004,2004,Runners-Up,Super Sonic Doom,Stephen Clark (The Ultimate DooMer),https://www.doomworld.com/idgames/?id=13056
11th Cacowards 2004,2004,Runners-Up,Deus Vult,Huy Pham (Doom Marine),https://www.doomworld.com/idgames/?id=12597
11th Cacowards 2004,2004,Runners-Up,Massmas,Mike Watson (Cyb),https://www.doomworld.com/idgames/?id=13055
11th Cacowards 2004,2004,Honorable Mention,Daedalus: Alien Defense,TeamTNT,https://www.doomworld.com/idgames/?id=12291
11th Cacowards 2004,2004,Best DM Level,8 Bits Deathmatch,G0dCells,https://www.doomworld.com/idgames/?id=12451
11th Cacowards 2004,2004,Worst Wad,Doom: Rampage Edition,"""Doom Rampage""",
11th Cacowards 2004,2004,Mordeth Award,Hellcore,Various,https://www.doomworld.com/idgames/?id=12870
11th Cacowards 2004,2004,Mockaward,Doomworld Forums 3,Anonymous,https://www.doomworld.com/idgames/?id=12371
12th Cacowards 2005,2005,Winners,Simplicity,Melissa McGee (Agent Spork),https://www.doomworld.com/idgames/?id=15043
12th Cacowards 2005,2005,Winners,Scythe 2,Erik Alm,https://www.doomworld.com/idgames/?id=13600
12th Cacowards 2005,2005,Winners,HedRox,Rodrigo Acevedo (ElRodo),https://www.doomworld.com/idgames/?id=13458
12th Cacowards 2005,2005,Winners,Suspended in Dusk,Esa Repo (Espi),https://www.doomworld.com/idgames/?id=13851
12th Cacowards 2005,2005,Winners,Kama Sutra,Adolf Vojta (Gusta) and Jakub Razak (_MethoD_),https://www.doomworld.com/idgames/?id=13290
12th Cacowards 2005,2005,Winners,Congestion 1024,Various,https://www.doomworld.com/idgames/?id=13958
12th Cacowards 2005,2005,Winners,Hi-Tech Hell 2: Alien Tech,Simo Malinen,https://www.doomworld.com/idgames/?id=13603
12th Cacowards 2005,2005,Winners,Temple of Chaos 2: Warped Reality,Melissa McGee (Agent Spork),https://www.doomworld.com/idgames/?id=13402
12th Cacowards 2005,2005,Winners,Crimson Canyon,Jeffrey Graham (psyren),https://www.doomworld.com/idgames/?id=13317
12th Cacowards 2005,2005,Winners,Total Control,Ronald Lubbelinkhof (Dutch Devil),https://www.doomworld.com/idgames/?id=13845
12th Cacowards 2005,2005,Runners-Up,For Whom the Bell Tolls,didy,https://www.doomworld.com/idgames/?id=13934
12th Cacowards 2005,2005,Runners-Up,Altar of Evil,Ronald Lubbelinkhof (Dutch Devil),https://www.doomworld.com/idgames/?id=13700
12th Cacowards 2005,2005,What the Hell!?,Happy Time Circus,Rachel Schmitz (Negatronica),https://www.doomworld.com/idgames/?id=13488
12th Cacowards 2005,2005,Best DM Level,Nimrod: Project Doom,Team Future,https://www.doomworld.com/idgames/?id=14015
12th Cacowards 2005,2005,Worst Wad,1994 Wads(Just in general),Too Many to Name,
12th Cacowards 2005,2005,Mordeth Award,Jägermörder 2: Terra Nova,Derek MacDonald (Afterglow),https://www.doomworld.com/idgames/?id=13722
12th Cacowards 2005,2005,Mockaward,Kama Sutra,Adolf Vojta (Gusta) and Jakub Razak (_MethoD_),https://www.doomworld.com/idgames/?id=13290
13th Cacowards 2006,2006,Winners,Phocas Island 2,Chris Hopkins (chopkinsca),https://www.doomworld.com/idgames/?id=14661
13th Cacowards 2006,2006,Winners,IC2005,Ian Cunnings (The Flange Peddler),https://www.doomworld.com/idgames/?id=14025
13th Cacowards 2006,2006,Winners,Hellcore v2.0,Devon West (Darkfyre) and Robert Babor (Fusion),https://www.doomworld.com/idgames/?id=14651
13th Cacowards 2006,2006,Winners,Newdoom Community Map Project,Various,https://www.doomworld.com/idgames/?id=14102
13th Cacowards 2006,2006,Winners,Operation Overlord,Nigel Rowand (Enjay),https://www.doomworld.com/idgames/?id=14095
13th Cacowards 2006,2006,Winners,Vae Victus 2,Derek Braun (Dittohead),https://www.doomworld.com/idgames/?id=14582
13th Cacowards 2006,2006,Winners,Phobia: The Age,Kristian Käll (Kristus),https://www.doomworld.com/idgames/?id=14248
13th Cacowards 2006,2006,Winners,Foreverhood v1.0,Brian Goodsell (Skadoomer),
13th Cacowards 2006,2006,Winners,Classic Episode 2: Singularity Complex,Jan Van der Veken,https://www.doomworld.com/idgames/?id=14090
13th Cacowards 2006,2006,Winners,Crucified Dreams,Various,https://www.doomworld.com/idgames/?id=14485
13th Cacowards 2006,2006,Runners-Up,Oniria,Aluqah,https://www.doomworld.com/idgames/?id=14521
13th Cacowards 2006,2006,Runners-Up,Zen Dynamics,Xaser,https://www.doomworld.com/idgames/?id=14669
13th Cacowards 2006,2006,Escher Award,Impossible: A New Reality,JK,https://www.doomworld.com/idgames/?id=14650
13th Cacowards 2006,2006,Best DM Level,Dynamite Deathmatch,Matt Cibulas (RottKing),https://www.doomworld.com/idgames/?id=14568
13th Cacowards 2006,2006,Worst Wad,Nazi Auferstehung,Dark Exodus,
13th Cacowards 2006,2006,Mordeth Award,Crucified Dreams,Various,https://www.doomworld.com/idgames/?id=14485
13th Cacowards 2006,2006,Mockaward,How Not To Be Seen!,Wills,https://www.doomworld.com/idgames/?id=14111
13th Cacowards 2006,2006,Mockaward,TurboCharged ARCADE!,Xaser,https://www.doomworld.com/idgames/?id=14671
14th Cacowards 2007,2007,Winners,Genesis of Descent,Nick Laurent (hobomaster22),https://www.doomworld.com/idgames/?id=14866
14th Cacowards 2007,2007,Winners,Cheogsh,Shadowman,https://www.doomworld.com/idgames/?id=15060
14th Cacowards 2007,2007,Winners,Songs of the Damned,Trevor Primmett (iori),https://www.doomworld.com/idgames/?id=14710
14th Cacowards 2007,2007,Winners,The Dying End,Christopher Lutz,https://www.doomworld.com/idgames/?id=15016
14th Cacowards 2007,2007,Winners,Sine Die,didy,https://www.doomworld.com/idgames/?id=15135
14th Cacowards 2007,2007,Winners,Knee Deep in Zdoom,Various,https://www.doomworld.com/idgames/?id=15531
14th Cacowards 2007,2007,Winners,Community Chest 3,Various,https://www.doomworld.com/idgames/?id=15156
14th Cacowards 2007,2007,Winners,Epic,Alexander S. (Eternal),https://www.doomworld.com/idgames/?id=15125
14th Cacowards 2007,2007,Winners,Ultimate Torment and Torture,Daniel Gimmer (Tormentor667),https://www.doomworld.com/idgames/?id=15107
14th Cacowards 2007,2007,Winners,The Outer Darkness,Varun Abhirama Krishna,https://www.doomworld.com/idgames/?id=15061
14th Cacowards 2007,2007,Runners-Up,Demons of Problematique,Dennis Meuwissen (Exl) ,https://www.doomworld.com/idgames/?id=15048
14th Cacowards 2007,2007,Runners-Up,Wonderful Doom,Wraith,https://www.doomworld.com/idgames/?id=16642
14th Cacowards 2007,2007,Best Multiplayer Level,32in24-5,YEDS,https://www.doomworld.com/idgames/levels/doom2/deathmatch/Ports/megawads/32in24-5
14th Cacowards 2007,2007,Worst Wad,Anything Gamarra,Giulio Galassi (Glassyman),
14th Cacowards 2007,2007,Mordeth Award,Knee-Deep in Zdoom,Various,
14th Cacowards 2007,2007,Mockaward,It Only Gets Worse,Wills,https://www.doomworld.com/idgames/?id=15034
15th Cacowards 2008,2008,Winners,Deus Vult II,Huy Pham (Doom Marine),https://www.doomworld.com/idgames/?id=15238
15th Cacowards 2008,2008,Winners,Gravity,Alexander S. (Eternal),https://www.doomworld.com/idgames/?id=15467
15th Cacowards 2008,2008,Winners,Urban Brawl: Action Doom 2,Action Team,https://www.doomworld.com/idgames/?id=15430
15th Cacowards 2008,2008,Winners,Eternal Doom IV,TeamTNT,https://www.doomworld.com/idgames/?id=15193
15th Cacowards 2008,2008,Winners,Thunderpeak,Björn Ostmann (Vader),https://www.doomworld.com/idgames/?id=15409
15th Cacowards 2008,2008,Winners,Back to Basics,Esa Repo (Espi),https://www.doomworld.com/idgames/?id=15174
15th Cacowards 2008,2008,Winners,BGPA Missions: Liberation,Nigel Rowand (Enjay),https://www.doomworld.com/idgames/?id=15457
15th Cacowards 2008,2008,Winners,Chex Quest 3,Charles Jacobi,http://www.chucktropolis.com/downloads/ChexQuest3.zip
15th Cacowards 2008,2008,Winners,Escape from Castle Chezcrea,Paul Hiebert (Creaphis),https://www.doomworld.com/idgames/?id=15220
15th Cacowards 2008,2008,Winners,Cold as Hell,Jonaya Riley,https://www.doomworld.com/idgames/?id=15496
15th Cacowards 2008,2008,Runners-Up,Remain III,"Alexander ""Eternal"" S.",https://www.doomworld.com/idgames/?id=15426
15th Cacowards 2008,2008,Runners-Up,XXXI CyberSky,"Alexander ""Eternal"" S.",https://www.doomworld.com/idgames/?id=15434
15th Cacowards 2008,2008,This is my Boomstick,Diaz: The Last Hours of Purity (WW Hits Collection),WildWeasel,https://www.doomworld.com/idgames/?id=15465
15th Cacowards 2008,2008,Best Multiplayer Level,32in24-7,YEDS,https://www.doomworld.com/idgames/?id=15397
15th Cacowards 2008,2008,Mordeth Award,Deus Vult II,Huy Pham (Doom Marine),https://www.doomworld.com/idgames/?id=15238
15th Cacowards 2008,2008,Mockaward,Community is Falling 3,Samuel Villarreal (Kaiser),https://www.doomworld.com/idgames/?id=15252
16th Cacowards 2009,2009,Winners,Hell Ground ,Alexander S. (Eternal),https://www.doomworld.com/idgames/?id=15919
16th Cacowards 2009,2009,Winners,NewDoom Community Project II,Various,https://www.doomworld.com/idgames/?id=15652
16th Cacowards 2009,2009,Winners,Harmony,Thomas van der Velden (t.v.),
16th Cacowards 2009,2009,Winners,Mapgame,Ravage,https://www.doomworld.com/idgames/?id=15671
16th Cacowards 2009,2009,Winners,Legacy of Suffering,LoganMTM,https://www.doomworld.com/idgames/?id=15942
16th Cacowards 2009,2009,Winners,Tribute,Zalewa,https://www.doomworld.com/idgames/?id=15603
16th Cacowards 2009,2009,Winners,Ghouls vs Humans,Cutman Mike,https://www.doomworld.com/idgames/?id=15553
16th Cacowards 2009,2009,Winners,Whispers of Satan,Paul Corfiatis and Kristian Aro,https://www.doomworld.com/idgames/?id=15950
16th Cacowards 2009,2009,Winners,Demons of Problematique 2,Dennis Meuwissen (Exl) ,https://www.doomworld.com/idgames/?id=15862
16th Cacowards 2009,2009,Winners,Plutonia 2,Plutonia 2 Team,https://www.doomworld.com/idgames/?id=15550
16th Cacowards 2009,2009,Runners-Up,Happy Time Circus 2,Ray Schmitz (shitbag),https://www.doomworld.com/idgames/?id=15855
16th Cacowards 2009,2009,Runners-Up,Cheogsh 2,Shadowman,https://www.doomworld.com/idgames/?id=15933
16th Cacowards 2009,2009,Best Multiplayer Level,UDMX,Unidoom,https://www.doomworld.com/idgames/?id=15549
16th Cacowards 2009,2009,Worst Wad,Tormentor667's Detail Guide,Tormentor667,
16th Cacowards 2009,2009,Mordeth Award,Plutonia 2,Plutonia 2 Team,https://www.doomworld.com/idgames/?id=15550
16th Cacowards 2009,2009,Mockaward,Killing Adventure,Ruba,https://www.doomworld.com/idgames/?id=15846
17th Cacowards 2010,2010,Winners,No Rest for the Living,Nerve Software,
17th Cacowards 2010,2010,Winners,Arcadia,J.P. LeBreton,https://www.doomworld.com/idgames/levels/doom2/Ports/a-c/arcadia
17th Cacowards 2010,2010,Winners,Curse of D'sparil,Kristian Käll (Kristus),https://www.doomworld.com/idgames/?id=15999
17th Cacowards 2010,2010,Winners,UAC Ultra,Jon Vail (40oz) & Jamie Bainbridge (Super Jamie),https://www.doomworld.com/idgames/?id=16038
17th Cacowards 2010,2010,Winners,Unloved,Paul Schneider (BlueEagle),https://www.doomworld.com/idgames/?id=16060
17th Cacowards 2010,2010,Winners,Valhalla,Ed Cripps,https://www.doomworld.com/idgames/?id=16255
17th Cacowards 2010,2010,Winners,Speed of Doom,Josh Sealy (Joshy) & Darkwave0000,https://www.doomworld.com/idgames/?id=16040
17th Cacowards 2010,2010,Winners,Drip Feed,Trevor Primmett (iori),https://www.doomworld.com/idgames/?id=16084
17th Cacowards 2010,2010,Winners,Epic 2,Alexander S. (Eternal),https://www.doomworld.com/idgames/?id=16262
17th Cacowards 2010,2010,Winners,Stronghold,Daniel Gimmer (Tormentor667) & Stronghold team,https://www.doomworld.com/idgames/?id=16248
17th Cacowards 2010,2010,Runners-Up,Beyond Revival,Fiend,https://www.doomworld.com/idgames/?id=16273
17th Cacowards 2010,2010,Runners-Up,Base Ganymede ep2,Adam Woodmansey (Khorus),https://www.doomworld.com/idgames/?id=16256
17th Cacowards 2010,2010,Honorable Mentions,Threshold of Pain,John Gourley (scalliano),https://www.doomworld.com/idgames/?id=16196
17th Cacowards 2010,2010,Honorable Mentions,Realm of Cheogsh,Shadowman,https://www.doomworld.com/idgames/?id=16174
17th Cacowards 2010,2010,Honorable Mentions,Serpent: Resurrection,Stephen Clark (The Ultimate DooMer),https://www.doomworld.com/idgames/?id=16211
17th Cacowards 2010,2010,Honorable Mentions,Temple of the Lizardmen 2,Alando1,https://www.doomworld.com/idgames/?id=16274
17th Cacowards 2010,2010,Honorable Mentions,Paranoid,The Persecution Complex,https://www.doomworld.com/idgames/?id=16290
17th Cacowards 2010,2010,Best Multiplayer Level,Megaman 8-bit Deathmatch,Cutmanmike et al.,
17th Cacowards 2010,2010,Worst Wad,Æons of Death ,DBThanatos et al.,
17th Cacowards 2010,2010,Mordeth Award,Stronghold,Daniel Gimmer (Tormentor667) & Stronghold team,https://www.doomworld.com/idgames/?id=16248
17th Cacowards 2010,2010,Mockaward,TurboCharged Arcade!,Xaser & James Paddock (Jimmy),https://www.doomworld.com/idgames/?id=16299
18th Cacowards 2011,2011,Winners,Plutonia Revisited,Various,https://www.doomworld.com/idgames/?id=16429
18th Cacowards 2011,2011,Winners,Vapordemo,Sarah Mancuso (esselfortium),https://web.archive.org/web/20111211202841/http://essel.spork-chan.net/wasd/vaprdemo.zip
18th Cacowards 2011,2011,Winners,Lunatic,Paul DeBruyne (skillsaw),https://www.doomworld.com/idgames/?id=16551
18th Cacowards 2011,2011,Winners,Double Impact,Matt Cibulas (RottKing) & Ralph Vickers (Ralphis),https://www.doomworld.com/idgames/?id=16419
18th Cacowards 2011,2011,Winners,Vanguard,Paul DeBruyne (skillsaw),https://www.doomworld.com/idgames/?id=16463
18th Cacowards 2011,2011,Winners,Reverie,Michael Jan Krizik (valkiriforce),https://www.doomworld.com/idgames/?id=16630
18th Cacowards 2011,2011,Winners,Jenesis,James Paddock (Jimmy),https://www.doomworld.com/idgames/?id=16640
18th Cacowards 2011,2011,Winners,Icebound,Christopher Lutz,https://www.doomworld.com/idgames/?id=16357
18th Cacowards 2011,2011,Winners,Mandrill Ass Project,Aluqah,https://www.doomworld.com/idgames/?id=16462
18th Cacowards 2011,2011,Winners,Khorus' Speedy Shit,Adam Woodmansey (Khorus),https://www.doomworld.com/idgames/?id=16639
18th Cacowards 2011,2011,Honoring A Newcomer,Doom II Redux,Richard Frei (Tarnsman),https://www.doomworld.com/idgames/?id=18738
18th Cacowards 2011,2011,Consolation Prize,Doom64 EX,Samuel Villarreal (Kaiser),
18th Cacowards 2011,2011,Best Multiplayer,32in24-11: Occupy Doomworld,The 32in24 Team,https://www.doomworld.com/idgames/?id=16620
18th Cacowards 2011,2011,Best Gameplay Mod,Brutal Doom,Marcos Abenante (Sergeant Mark IV),
18th Cacowards 2011,2011,Mordeth Award,1994 Tune-up Community Project,Various,https://www.doomworld.com/idgames/?id=16561
19th Cacowards 2012,2012,Winners,Doom The Way id Did,Various,https://www.doomworld.com/idgames/?id=16721
19th Cacowards 2012,2012,Winners,Strife: Absolute Order,Adam Woodmansey (Khorus),https://www.doomworld.com/idgames/?id=17009
19th Cacowards 2012,2012,Winners,Putrefier,Ed Cripps,https://www.doomworld.com/idgames/?id=16965
19th Cacowards 2012,2012,Winners,5till L1 Complex,Lainos,https://www.doomworld.com/idgames/?id=16861
19th Cacowards 2012,2012,Winners,Community Chest IV,Various,https://www.doomworld.com/idgames/levels/doom2/Ports/megawads/cchest4
19th Cacowards 2012,2012,Winners,Reelism,Kinsie & 300 Pounds,
19th Cacowards 2012,2012,Winners,The Eye,Cyriak Harris (mouldy),https://www.doomworld.com/idgames/?id=17053
19th Cacowards 2012,2012,Winners,Combat Shock 2,Daniel Jakobsson (dannebubinga),https://www.doomworld.com/idgames/?id=16966
19th Cacowards 2012,2012,Winners,Winter's Fury,Pyroscourge,
19th Cacowards 2012,2012,Winners,Base Ganymede: Complete,Adam Woodmansey (Khorus),https://www.doomworld.com/idgames/?id=16694
19th Cacowards 2012,2012,Runners-Up,Beyond Reality,Darsycho,https://www.doomworld.com/idgames/?id=16974
19th Cacowards 2012,2012,Runners-Up,Masters of Chaos,Caleb26 & Doom_Warrior,https://www.doomworld.com/idgames/?id=16817
19th Cacowards 2012,2012,Runners-Up,Frozen Time,Alexander S. (Eternal),https://www.doomworld.com/idgames/?id=17030
19th Cacowards 2012,2012,Runners-Up,Planisphere 2,Perro Seco,https://www.doomworld.com/idgames/?id=18746
19th Cacowards 2012,2012,Runners-Up,Coffee Break Episode I,Matt Tropiano,https://www.doomworld.com/idgames/?id=16862
19th Cacowards 2012,2012,Honoring A Newcomer,"""Maps by Purist's Six Year Old Son""",Dylan,https://www.doomworld.com/idgames/?id=17060
19th Cacowards 2012,2012,Best Multiplayer,WhoDunIt,"Conflagrated, Theshooter7, TheMisterCat, Peanut, Zeberpal, et al.",https://www.doomworld.com/idgames/?id=17028
19th Cacowards 2012,2012,Best Gameplay Mod,Russian Overkill,PillowBlaster,
19th Cacowards 2012,2012,Mordeth Award,Community Chest 4,Various,https://www.doomworld.com/idgames/?id=16911
19th Cacowards 2012,2012,Mockaward,Call of Dooty II: Green Ops,Matthew Christian (Chubzdoomer),
19th Cacowards 2012,2012,What the Pope?!,Grezzo 2,,
20th Cacowards 2013,2013,Winners,Back to Saturn X: Episode 1,Various,https://www.doomworld.com/idgames/?id=18748
20th Cacowards 2013,2013,Winners,Doom 2 The Way id Did,Various,https://www.doomworld.com/idgames/?id=17424
20th Cacowards 2013,2013,Winners,Unholy Realms,Brian Knox (Snakes),https://www.doomworld.com/idgames/?id=17415
20th Cacowards 2013,2013,Winners,ZDoom Community Map Project: Take II,Various,https://www.doomworld.com/idgames/levels/doom2/Ports/megawads/zdcmp2
20th Cacowards 2013,2013,Winners,Fuel Devourer,Arthur O. (Archi) & C4tnt,https://www.doomworld.com/idgames/?file=levels/doom2/Ports/d-f/fueldevr
20th Cacowards 2013,2013,Winners,Kuchitsu,Memfis,https://www.doomworld.com/idgames/?file=levels/doom2/Ports/j-l/kuchitsu
20th Cacowards 2013,2013,Winners,Forsaken Overlook,Matt Tropiano,https://www.doomworld.com/idgames/?file=levels/doom2/Ports/d-f/fsknovlk
20th Cacowards 2013,2013,Winners,Stardate 20X6,Zachary Stephens (Ribbiks),https://www.doomworld.com/idgames/?file=levels/doom2/Ports/s-u/stardate
20th Cacowards 2013,2013,Winners,Pirate Doom,Darch,https://www.doomworld.com/idgames/?id=17722
20th Cacowards 2013,2013,Winners,Swim With the Whales,Zachary Stephens (Ribbiks),https://www.doomworld.com/idgames/?id=17426
20th Cacowards 2013,2013,Runners-Up,Interception,Various,https://www.doomworld.com/idgames/?file=levels/doom2/megawads/intercep
20th Cacowards 2013,2013,Runners-Up,Hadephobia,Various,https://www.doomworld.com/idgames/?file=levels/doom2/Ports/megawads/h_phobia
20th Cacowards 2013,2013,Runners-Up,Hellbound,Zoltán Sófalvi (Z86),https://www.doomworld.com/idgames/?id=17259
20th Cacowards 2013,2013,Runners-Up,High / Low 5,Chris Hansen,https://www.doomworld.com/idgames/?file=levels/doom2/g-i/highlow5
20th Cacowards 2013,2013,Runners-Up,Soulcrusher,Przemek Zimny (alterworldruler),https://www.doomworld.com/idgames/?id=17206
20th Cacowards 2013,2013,Runners-Up,Stomper,Pawel Zarczynski (NMN),
20th Cacowards 2013,2013,Honoring A Newcomer, 100 Lines,Various,https://www.doomworld.com/idgames/levels/doom2/Ports/0-9/100lines
20th Cacowards 2013,2013,Honoring A Newcomer,Doom 2 in Name Only,Various,https://www.doomworld.com/idgames/levels/doom2/megawads/d2ino
20th Cacowards 2013,2013,Multiplayer Awards,Eyedea,Alex Mayfield (AlexMax),https://www.doomworld.com/idgames/?file=levels/doom2/deathmatch/Ports/d-f/eyedea
20th Cacowards 2013,2013,Multiplayer Awards,Samsara,TerminusEst13 et al.,
20th Cacowards 2013,2013,Multiplayer Awards,Eon Deathmatch,Ru5tK1ng & Hatred,
20th Cacowards 2013,2013,Best Gameplay Mod,Project MSX,MagSigmaX,
20th Cacowards 2013,2013,Mordeth Award,"The ZDoom Community Map Project ""Take 2""",Various,https://www.doomworld.com/idgames/?id=17682
20th Cacowards 2013,2013,Mockaward,Extreme Weapon Pack,Doggo120,https://www.doomworld.com/idgames/?file=combos/ewpack
20th Cacowards 2013,2013,Sing the Praises of Pants,WOOO,Various,https://www.doomworld.com/idgames/?file=levels/doom2/Ports/megawads/wooo
21st Cacowards 2014,2014,Winners,Going Down,Cyriak Harris (mouldy),https://www.doomworld.com/idgames/?file=levels/doom2/Ports/megawads/gd
21st Cacowards 2014,2014,Winners,The Adventures of Square,Bigbrik Games,
21st Cacowards 2014,2014,Winners,Back to Saturn X: Episode 2,Various,https://www.doomworld.com/idgames/levels/doom2/megawads/btsx_e2
21st Cacowards 2014,2014,Winners,Plasmaplant,Sverre Kvernmo,https://www.doomworld.com/idgames/?id=18174
21st Cacowards 2014,2014,Winners,Shadows of Cronos,Samuel Villarreal (Kaiser),https://www.doomworld.com/idgames/?file=levels/hexen/j-l/kaiser_28
21st Cacowards 2014,2014,Winners,Monster Hunter Ltd. Part 1,Didy,https://www.doomworld.com/idgames/?file=levels/doom2/Ports/m-o/mohu1
21st Cacowards 2014,2014,Winners,Monster Hunter Ltd. Part 2,Didy,https://www.doomworld.com/idgames/?file=levels/doom2/Ports/m-o/mohu2
21st Cacowards 2014,2014,Winners,Resurgence,Josh Sealy (Joshy) & Darkwave0000,https://www.doomworld.com/idgames/?file=levels/doom2/Ports/megawads/resurge
21st Cacowards 2014,2014,Winners,Mayan Mishap,Tango,https://www.doomworld.com/idgames/levels/doom2/Ports/s-u/t-maya
21st Cacowards 2014,2014,Winners,Urban Brawl: Dead of Winter,Stephen Browning (Scuba Steve),https://www.doomworld.com/idgames/?file=levels/doom2/Ports/a-c/ad2dow
21st Cacowards 2014,2014,Winners,Thy Flesh turned into a draft-excluder,Matt Powell (cannonball),https://www.doomworld.com/idgames/?file=levels/doom/Ports/d-f/draftex
21st Cacowards 2014,2014,Runners-Up,Bauhaus,Didy,https://www.doomworld.com/idgames/?file=levels/doom2/Ports/a-c/bauhaus
21st Cacowards 2014,2014,Runners-Up,Bloody Steel,BigMemka,https://www.doomworld.com/idgames/?file=levels/doom2/Ports/a-c/bldstlp
21st Cacowards 2014,2014,Runners-Up,Mayhem 2048,Various,https://www.doomworld.com/idgames/?file=levels/doom2/Ports/megawads/mayhem14
21st Cacowards 2014,2014,Runners-Up,Whitemare 2,Various,https://www.doomworld.com/idgames/?file=levels/doom2/Ports/megawads/white2
21st Cacowards 2014,2014,Runners-Up,You Dig,Tuxlar,https://www.doomworld.com/idgames/?file=levels/doom2/Ports/v-z/youdig
21st Cacowards 2014,2014,Runners-Up,The Wailing Horde,Christian Hansen (c-cooper),https://www.doomworld.com/idgames/?file=levels/doom/Ports/v-z/wailhord
21st Cacowards 2014,2014,Runners-Up,Reconstruction / Decomposition,Da Werecat,https://www.doomworld.com/idgames/?id=18079
21st Cacowards 2014,2014,Multiplayer Awards,32in24-13: A Thanksgiving Without Burgers,YEDS,https://www.doomworld.com/idgames/?file=levels/doom2/deathmatch/Ports/megawads/32in2413
21st Cacowards 2014,2014,Multiplayer Awards,Push,TerminusEst13 et al.,
21st Cacowards 2014,2014,Multiplayer Awards,Rage CTF,Mechanix Union,https://www.doomworld.com/idgames/?file=levels/doom2/deathmatch/Ports/p-r/ragectf
21st Cacowards 2014,2014,Best Gameplay Mod,DemonSteele,TerminusEst13,
21st Cacowards 2014,2014,Mordeth Award,Doom 2 in Name Only,Various,https://www.doomworld.com/idgames/?file=levels/doom2/megawads/d2ino
21st Cacowards 2014,2014,Mockaward,Brutalist Doom,1337 Doomer,https://www.doomworld.com/idgames/?file=combos/brutalst
21st Cacowards 2014,2014,Mockaward Runners-Up,Laundry 2: Dry Hard,Sgt. Shivers,https://www.dropbox.com/s/t82dla7lxw7m2rm/LAUNDRY%202%20v1.wad?dl=1
21st Cacowards 2014,2014,Mockaward Runners-Up,WOOO 2,Various,https://www.doomworld.com/idgames/?file=levels/doom2/Ports/megawads/wooo2
21st Cacowards 2014,2014,Play thy Role,Kyle873's Doom RPG Mod,Kyle873,
21st Cacowards 2014,2014,Play thy Role,DoomRL Arsenal,Yholl,
22nd Cacowards 2015,2015,Winners,Sunlust,Ribbiks & Dannebubinga,https://www.doomworld.com/idgames/?id=18168
22nd Cacowards 2015,2015,Winners,Erkattäññe,Nicolas Monti,https://www.doomworld.com/idgames/?file=levels/doom2/d-f/erkatane
22nd Cacowards 2015,2015,Winners,Skulldash,Joshua O'Sullivan (Dragonfly),https://www.doomworld.com/idgames/?id=18249
22nd Cacowards 2015,2015,Winners,Swift Death,Franck Livolant (franckFRAG),https://www.doomworld.com/idgames/?id=18265
22nd Cacowards 2015,2015,Winners,Breach,Alun Bestor (Viggles),https://www.doomworld.com/idgames/?id=18968
22nd Cacowards 2015,2015,Winners,Valiant,Paul DeBruyne (skillsaw),https://www.doomworld.com/idgames/?file=levels/doom2/Ports/megawads/valiant
22nd Cacowards 2015,2015,Winners,50 Shades of Graytall,Various,https://www.doomworld.com/idgames/levels/doom2/Ports/megawads/50shades
22nd Cacowards 2015,2015,Winners,Sheer Poison,yakfak,https://www.doomworld.com/idgames/?file=levels/doom/s-u/shpo1
22nd Cacowards 2015,2015,Winners,dead.wire,Xaser Acheron,https://static.angryscience.net/pub/doom/maps/dead-wire_v1.1.zip
22nd Cacowards 2015,2015,Winners,Return to Hadron,Matt Powell (cannonball),https://www.doomworld.com/idgames/?file=levels/doom/Ports/g-i/hadron
22nd Cacowards 2015,2015,Runners-Up,Doomed Space Wars,Paul Corfiatis and Kristian Aro,https://www.doomworld.com/idgames/?file=levels/doom2/Ports/s-u/spacwars
22nd Cacowards 2015,2015,Runners-Up,Crumpets,Zachary Stephens (Ribbiks),https://www.doomworld.com/idgames/?file=levels/doom2/Ports/a-c/crumpets
22nd Cacowards 2015,2015,Runners-Up,Prime Directive,Ethan Watson (GooberMan),https://www.doomworld.com/idgames/?file=levels/doom2/Ports/g-i/ge5-pd
22nd Cacowards 2015,2015,Runners-Up,Pinnacle of Darkness,Nick Laurent (hobomaster22),https://www.doomworld.com/idgames/?id=18080
22nd Cacowards 2015,2015,Runners-Up,Ol' No Name,Octavarium,https://www.doomworld.com/idgames/?id=18805
22nd Cacowards 2015,2015,Runners-Up,32in24-14,YEDS,https://www.doomworld.com/idgames/?file=levels/doom2/Ports/megawads/32in2414
22nd Cacowards 2015,2015,Multiplayer Awards,Don't Be A Bitch Remastered,Mechanix Union,https://www.doomworld.com/idgames/?file=levels/doom2/deathmatch/Ports/d-f/dbabrm
22nd Cacowards 2015,2015,Multiplayer Awards,ChaosCore CTF,RoSKing et al.,
22nd Cacowards 2015,2015,Best Gameplay Mod,DoomRL Arsenal,Yholl et al.,
22nd Cacowards 2015,2015,Mordeth Award,ChaosCore CTF,RoSKing et al.,
22nd Cacowards 2015,2015,Mockaward,InstaDoom,Andrew Stine (Linguica),https://www.doomworld.com/idgames/?file=combos/instadm
23rd Cacowards 2016,2016,Winners,Tech Gone Bad,John Romero,https://www.doomworld.com/idgames/?id=18328
23rd Cacowards 2016,2016,Winners,Ancient Aliens,Paul DeBruyne (skillsaw),https://www.doomworld.com/idgames/?id=18505
23rd Cacowards 2016,2016,Winners,Nihility: Infinite Teeth,years,
23rd Cacowards 2016,2016,Winners,Mutiny,Various,https://www.doomworld.com/idgames/levels/doom2/Ports/megawads/mutiny
23rd Cacowards 2016,2016,Winners,Absolutely Killed,scwiba,https://www.doomworld.com/idgames/?id=18491
23rd Cacowards 2016,2016,Winners,Elf Gets Pissed,Matt Cibulas (RottKing),https://www.doomworld.com/idgames/?id=18363
23rd Cacowards 2016,2016,Winners,Comatose,Lainos,https://www.doomworld.com/idgames/?id=18331
23rd Cacowards 2016,2016,Winners,Miasma,Thomas Seifert (tourniquet),https://www.doomworld.com/idgames/?id=18665
23rd Cacowards 2016,2016,Winners,Alpha Accident: Terra Nova,Wraith777,https://www.doomworld.com/idgames/?id=18547
23rd Cacowards 2016,2016,Winners,Japanese Community Project,Various,https://www.doomworld.com/idgames/?id=18503
23rd Cacowards 2016,2016,Winners,Blade of Agony E1,Daniel Gimmer (Tormentor667) et al.,
23rd Cacowards 2016,2016,Runners-Up,Warp House,Ed Cripps,https://www.doomworld.com/idgames/?id=18622
23rd Cacowards 2016,2016,Runners-Up,THT: Threnody,Various,https://www.doomworld.com/idgames/?id=18515
23rd Cacowards 2016,2016,Runners-Up,Bloodstain,Pavel Tvrzník (Pipicz),https://www.doomworld.com/idgames/?id=18315
23rd Cacowards 2016,2016,Runners-Up,Strange Aeons,Impie,
23rd Cacowards 2016,2016,Runners-Up,Echelon,Sverre Kvernmo,https://www.doomworld.com/idgames/?id=18589
23rd Cacowards 2016,2016,Runners-Up,Shadow of the Wool Ball,MSPaintR0cks,
23rd Cacowards 2016,2016,Multiplayer Awards,AeonDM,Mechanix Union,https://www.doomworld.com/idgames/?id=18656
23rd Cacowards 2016,2016,Multiplayer Awards,32in24-16,YEDS,https://www.doomworld.com/idgames/?id=18910
23rd Cacowards 2016,2016,Best Gameplay Mod,Doom 4 Doom,DBThanatos et al.,
23rd Cacowards 2016,2016,Mordeth Award,Doom the Way id Did: The Lost Episodes,Various,https://www.doomworld.com/idgames/?id=18385
23rd Cacowards 2016,2016,Mockaward,Ludicrium,antares031,https://www.doomworld.com/idgames/?id=18294
24th Cacowards 2017,2017,Winners,lilith.pk3,anotak,https://www.doomworld.com/idgames/?id=18866
24th Cacowards 2017,2017,Winners,Shadows of the Nightmare Realm,Alexa Jones-Gonzales (Remilia Scarlet),https://www.doomworld.com/idgames/?id=18808
24th Cacowards 2017,2017,Winners,No End in Sight,Emil Brundage (NaturalTvventy) et al.,https://www.doomworld.com/idgames/?id=18645
24th Cacowards 2017,2017,Winners,Dead.air,Xaser,
24th Cacowards 2017,2017,Winners,Brigandine,Alun Bestor (Viggles),
24th Cacowards 2017,2017,Winners,Counterattack,Brett Harrell (Mechadon),https://www.doomworld.com/idgames/?id=18726
24th Cacowards 2017,2017,Winners,Legacy of Heroes,gaspe,https://www.doomworld.com/idgames/?id=18615
24th Cacowards 2017,2017,Winners,Saturnine Chapel,Darryl Steffen (dobu gabu maru),https://www.doomworld.com/idgames/?id=18697
24th Cacowards 2017,2017,Winners,Stardate 20X7,Zachary Stephens (Ribbiks),https://www.doomworld.com/idgames/?id=18807
24th Cacowards 2017,2017,Winners,Void and Rainbow,Serious_Mood,https://www.dropbox.com/s/zec1gfadjov7bhy/RAINBOW%28G3.2%29.zip?dl=1
24th Cacowards 2017,2017,Runners-Up,Rise of the Wool Ball,MSPaintR0cks,http://www.mediafire.com/file/89mrybv7adxy1oi/ROTWB_v1.3.zip
24th Cacowards 2017,2017,Runners-Up,Return to Hadron Episode 2,Matt Powell (cannonball),https://www.doomworld.com/idgames/?id=18652
24th Cacowards 2017,2017,Runners-Up,TNT: Revilution,Various,https://www.doomworld.com/idgames/?id=18810
24th Cacowards 2017,2017,Runners-Up,Waterlab GZD,Nigel Rowand (Enjay),
24th Cacowards 2017,2017,Runners-Up,Disjunction,floatRand,https://www.doomworld.com/idgames/?id=18729
24th Cacowards 2017,2017,Runners-Up,Hexen - Curse of the Lost Gods,Kristian Käll (Kristus),https://www.doomworld.com/idgames/?id=18816
24th Cacowards 2017,2017,Runners-Up,Water Spirit,Manbou,https://www.doomworld.com/idgames/?id=18724
24th Cacowards 2017,2017,Runners-Up,Hellscape,Christopher Lutz,https://www.doomworld.com/idgames/?id=18728
24th Cacowards 2017,2017,Runners-Up,Dark Tide,Christopher Lutz,https://www.doomworld.com/idgames/?id=18927
24th Cacowards 2017,2017,Multiplayer Awards,Pyrrhic,Nick Laurent (hobomaster22),https://www.doomworld.com/idgames/?id=18929
24th Cacowards 2017,2017,Multiplayer Awards,Progressive Duel 2,Mechanix Union,
24th Cacowards 2017,2017,Gameplay Mod Awards,Doom Delta,DrPyspy,
24th Cacowards 2017,2017,Gameplay Mod Awards,Final Doomer,"Sgt. Shivers, Yholl et al.",
24th Cacowards 2017,2017,Gameplay Mod Awards,High Noon Drifter,TerminusEst13,
24th Cacowards 2017,2017,Mordeth Award,TNT: Revilution,Various,https://www.doomworld.com/idgames/?id=18810
24th Cacowards 2017,2017,Machaward,The Given,Darryl Steffen (dobu gabu maru),https://www.doomworld.com/idgames/?id=19013
25th Cacowards 2018,2018,Winners,Avactor,Eradrop,
25th Cacowards 2018,2018,Winners,Dark Universe Part 1,Paul Dechene (Payload4367),https://www.doomworld.com/idgames/?id=19060
25th Cacowards 2018,2018,Winners,The Adventures of Square: Episode 2,Bigbrik Games,
25th Cacowards 2018,2018,Winners,Preacher,Darch,https://www.doomworld.com/idgames/?id=19249
25th Cacowards 2018,2018,Winners,Dimension of the Boomed,Stephen Wadsworth (Urthar),
25th Cacowards 2018,2018,Winners,Struggle: Antaresian Legacy,antares031,https://www.doomworld.com/idgames/?id=19179
25th Cacowards 2018,2018,Winners,REKKR,Revae et al.,
25th Cacowards 2018,2018,Winners,Maskim Xul,James Caldwell (Obsidian),https://www.doomworld.com/idgames/?id=19061
25th Cacowards 2018,2018,Winners,Doom: The Golden Souls 2,Batandy,
25th Cacowards 2018,2018,Winners,UAC Invasion: The Supply Depot,DooMknight,https://www.doomworld.com/idgames/?id=19188
25th Cacowards 2018,2018,Runners-Up,Exomoon,Tomás Soares (Deadwing),https://www.doomworld.com/idgames/?id=19234
25th Cacowards 2018,2018,Runners-Up,Man on the Moon,Yugiboy85,https://www.doomworld.com/idgames/?id=19238
25th Cacowards 2018,2018,Runners-Up,Umbra of Fate,Alexa Jones-Gonzales (Remilia Scarlet),http://alexa.partition36.com/files/doom/uof.zip
25th Cacowards 2018,2018,Runners-Up,Port Glacia, James Collins (an_mutt),https://www.doomworld.com/idgames/?id=19070
25th Cacowards 2018,2018,Runners-Up,Magnolia,Zachary Stephens (Ribbiks),http://www.rbkz.net/doom/magnolia.zip
25th Cacowards 2018,2018,Runners-Up,The Alfonzone,Pinchy,
25th Cacowards 2018,2018,Runners-Up,Ashes 2063: Episode 1,Vostyok,
25th Cacowards 2018,2018,Runners-Up,Demonastery,Nootrac4571,https://www.doomworld.com/idgames/?id=19212
25th Cacowards 2018,2018,Runners-Up,Doom 404,Adam Windsor,https://www.doomworld.com/idgames/?id=19248
25th Cacowards 2018,2018,Runners-Up,Cryogenics,bemused,https://www.doomworld.com/idgames/?id=18938
25th Cacowards 2018,2018,Multiplayer Awards ,Quake Champions: Doom Edition,DBThanatos and Michaelis,
25th Cacowards 2018,2018,Gameplay Mod Awards,Guncaster,PillowBlaster et al.,
25th Cacowards 2018,2018,Gameplay Mod Awards,Netronian Chaos,Captain J,
25th Cacowards 2018,2018,Gameplay Mod Awards,GMOTA,Combine_Kegan,
25th Cacowards 2018,2018,Mordeth Award,Total Chaos,wadaholic,
25th Cacowards 2018,2018,Machaward,Mr. Friendly,J.P. LeBreton,
26th Cacowards 2019,2019,Winners,Eviternity,Dragonfly et al.,https://www.doomworld.com/idgames/?id=19304
26th Cacowards 2019,2019,Winners,Verdant Citadel,exl,https://www.doomworld.com/idgames/?id=19364
26th Cacowards 2019,2019,Winners,Paradise,Tango,
26th Cacowards 2019,2019,Winners,Hell-Forged,Amuscaria,
26th Cacowards 2019,2019,Winners,Finely Crafted Fetish Film,Ribbiks,
26th Cacowards 2019,2019,Winners,Hocus Pocus Doom, rf,https://www.doomworld.com/idgames/levels/doom2/Ports/megawads/hocus
26th Cacowards 2019,2019,Winners,Shotgun Symphony,Steve Duff,https://www.doomworld.com/idgames/?id=19278
26th Cacowards 2019,2019,Winners,Lost Civilization,Jaska,https://www.doomworld.com/idgames/?id=19517
26th Cacowards 2019,2019,Winners,Remnant,Aurelius,https://www.doomworld.com/idgames/?id=19459
26th Cacowards 2019,2019,Winners,The Wayfarer,Not Jabba,https://www.doomworld.com/idgames/?id=19382
26th Cacowards 2019,2019,Runners-Up,Sigil,John Romero,https://romero.com/s/SIGIL_v1_21.zip
26th Cacowards 2019,2019,Runners-Up,Doom 3: Phobos,Team Future,
26th Cacowards 2019,2019,Runners-Up,Infraworld : The Hatehammer,StormCatcher.77,
26th Cacowards 2019,2019,Runners-Up,Lunar Catastrophe,Miss Bubbles and Count651,https://www.doomworld.com/idgames/levels/doom/Ports/megawads/lunar
26th Cacowards 2019,2019,Runners-Up,The Slaughter Spectrum,Bridgeburner56,
26th Cacowards 2019,2019,Runners-Up,Darkest Room,Paul977,https://www.doomworld.com/idgames/?id=19409
26th Cacowards 2019,2019,Runners-Up,Cyb’s Freaky Colonoscopy,Various,https://www.dropbox.com/s/epppalndgce259e/dbp16_distro_v0.99a.zip?dl=1
26th Cacowards 2019,2019,Runners-Up,Alienated,Lorenz0,https://www.doomworld.com/idgames/?id=19487
26th Cacowards 2019,2019,Runners-Up,Doom Zero,Christopher Golden (DASI-I),
26th Cacowards 2019,2019,Runners-Up,Entropy,Nirvana,https://www.doomworld.com/idgames/?id=19353
26th Cacowards 2019,2019,Multiplayer Awards ,32in24-17,YEDS,https://www.doomworld.com/idgames/?id=19334
26th Cacowards 2019,2019,Multiplayer Awards ,NeonDM,Mechanix Union,
26th Cacowards 2019,2019,Gameplay Mod Awards,Doom 4 Vanilla,Noiser et al.,
26th Cacowards 2019,2019,Gameplay Mod Awards,Lt. Typhon,Skelegant,
26th Cacowards 2019,2019,Gameplay Mod Awards,NAKU-NARU,Naku Team,
26th Cacowards 2019,2019,Mordeth Award,Sonic Robo Blast 2,Sonic Team Junior,
27th Cacowards 2020,2020,Winners,Antaresian Reliquary,antares031,https://www.doomworld.com/idgames/?file=levels/doom2/Ports/a-c/anta_req
27th Cacowards 2020,2020,Winners,Abandon,"bemused, Benjogami, Scotty",https://www.doomworld.com/idgames/levels/doom2/Ports/megawads/abandon
27th Cacowards 2020,2020,Winners,Rowdy Rudy 2: Powertrip,Doomkid et al.,https://www.doomworld.com/idgames/?file=levels/doom2/megawads/rudy2
27th Cacowards 2020,2020,Winners,Ar Luminae,Aurelius & JustCallMeKaito,
27th Cacowards 2020,2020,Winners,Running Late 2,A2Rob ,https://www.doomworld.com/idgames/?file=levels/doom2/Ports/megawads/rl2
27th Cacowards 2020,2020,Winners,Bastion of Chaos,Bridgeburner56,
27th Cacowards 2020,2020,Winners,Mutabor,tourniquet,https://www.doomworld.com/idgames/?file=levels/doom2/m-o/mutabor
27th Cacowards 2020,2020,Winners,Three is a Crowd,Scypek2,https://www.doomworld.com/idgames/?file=levels/doom2/megawads/3iac
27th Cacowards 2020,2020,Winners,Syringe,"Pavera, Tarnsman, Marcaek, Xaser",https://www.doomworld.com/idgames/?id=20020
27th Cacowards 2020,2020,Winners,Faithless Trilogy,James Paddock (Jimmy),
27th Cacowards 2020,2020,Runners-Up,Tartarus,RonnieJamesDiner,https://www.doomworld.com/idgames/levels/doom2/Ports/s-u/tartarus
27th Cacowards 2020,2020,Runners-Up,The Mapwich 2: The Mapwichening,Various,
27th Cacowards 2020,2020,Runners-Up,Shrine 2,scumhead & Mengo923,
27th Cacowards 2020,2020,Runners-Up,Technicolor Antichrist Box,Major Arlene,https://www.doomworld.com/idgames/?file=levels/doom2/Ports/s-u/technicolor
27th Cacowards 2020,2020,Runners-Up,Return to Hadron Episode 3: Slayers Swansong,cannonball,https://www.doomworld.com/idgames/?file=levels/doom/Ports/g-i/hadrone3
27th Cacowards 2020,2020,Runners-Up,Criticality,Scotty,https://www.doomworld.com/idgames/levels/doom2/Ports/a-c/criticality
27th Cacowards 2020,2020,Runners-Up,Freaky Panties 2: Boxers or Briefs,Alexa Jones-Gonzales (Remilia Scarlet),https://alexa.partition36.com/files/doom/fpanties2.zip
27th Cacowards 2020,2020,Runners-Up,Doom II: 25 Years on Earth,Phobus,https://www.doomworld.com/idgames/?file=levels/doom2/Ports/megawads/ph_25yoe
27th Cacowards 2020,2020,Runners-Up,180 Minutes pour Vivre,French Doom Community,https://www.doomworld.com/idgames/?file=levels/doom2/Ports/megawads/180mpv
27th Cacowards 2020,2020,Runners-Up,Gods & Guardians,Wraith777,
27th Cacowards 2020,2020,Runners-Up,Abysm 2: Infernal Contract,jazzmaster9,
27th Cacowards 2020,2020,Runners-Up,Intergalactic Xenology,Dreadopp & Lord_Z,https://www.doomworld.com/idgames/?file=levels/doom2/Ports/d-f/dzintxen
27th Cacowards 2020,2020,Multiplayer Awards,DoomWare,Buu342,
27th Cacowards 2020,2020,Multiplayer Awards,Progressive Duel 3,"Ru5tK1ng, Hatred, et al.",
27th Cacowards 2020,2020,Gameplay Mod Awards,Nobody Told Me About id,CantSleep,
27th Cacowards 2020,2020,Gameplay Mod Awards,Treasure Tech,HyperUltra64,
27th Cacowards 2020,2020,Gameplay Mod Awards,SWWM GZ,Marisa Lago,
28th Cacowards 2021,2021,Winners,Heartland,Paul DeBruyne (skillsaw),https://www.doomworld.com/idgames/?file=levels/doom2/Ports/g-i/heartland
28th Cacowards 2021,2021,Winners,Lullaby,Daniel Alexander (Danlex),
28th Cacowards 2021,2021,Winners,Ashes: Afterglow,Vostyok and ReformedJoe,
28th Cacowards 2021,2021,Winners,Tarnsman's Projectile Hell,Richard Frei (Tarnsman),https://www.doomworld.com/idgames/?file=levels/doom2/Ports/megawads/tph.zip
28th Cacowards 2021,2021,Winners,Fractured Worlds,"Nirvana, Alex Scott (Scotty) and Insane_Gazebo",https://www.doomworld.com/idgames/?file=levels/doom2/Ports/d-f/fw
28th Cacowards 2021,2021,Winners,Unhallowed,Cyano Blugron,
28th Cacowards 2021,2021,Winners,Doom 2 in Spain Only,Various,https://www.doomworld.com/idgames/?file=levels/doom2/megawads/d2isov2
28th Cacowards 2021,2021,Winners,Infraworld: Coma Moonlight,StormCatcher.77,https://www.doomworld.com/idgames/?file=levels/doom2/Ports/g-i/infra02
28th Cacowards 2021,2021,Winners,Arrival,Walker Wright (Pavera),https://www.doomworld.com/idgames/levels/doom2/Ports/a-c/arrival
28th Cacowards 2021,2021,Winners,Haste,Various,https://www.doomworld.com/idgames/?id=20141
28th Cacowards 2021,2021,Winners,Infested Episode 1,ginc,
28th Cacowards 2021,2021,Winners,1000 Lines 3: Community Project,Various,https://www.doomworld.com/applications/core/interface/file/attachment.php?id=172993
28th Cacowards 2021,2021,Runners-Up,Intergalactic Xenology 2,Dreadopp and Lord_Z,https://www.doomworld.com/idgames/levels/doom2/Ports/d-f/dzintxn2
28th Cacowards 2021,2021,Runners-Up,Cydonia,Brayden Hart (AD_79) and Alex Scott (Scotty),https://www.doomworld.com/idgames/?file=levels/doom2/Ports/megawads/cydonia.zip
28th Cacowards 2021,2021,Runners-Up,"Time Tripper, circuit 1",Emma Essex (msx2plus),
28th Cacowards 2021,2021,Runners-Up,Sold Soul,Fryuko,https://www.doomworld.com/idgames/?file=levels/heretic/Ports/soldsoul
28th Cacowards 2021,2021,Runners-Up,Arceon,DMPhobos,https://www.doomworld.com/idgames/?file=levels/doom2/Ports/a-c/arceon
28th Cacowards 2021,2021,Runners-Up,I.H.N.I. episode 1,Kraja,
28th Cacowards 2021,2021,Runners-Up,Atmospheric Extinction,Velvetic,https://www.doomworld.com/idgames/?file=levels/doom2/Ports/v-z/vel_aex
28th Cacowards 2021,2021,Runners-Up,URE2020,Zylinderkatze,
28th Cacowards 2021,2021,Runners-Up,Old Still Life,Rednov,
28th Cacowards 2021,2021,Runners-Up,Down the Drain,Benjogami,https://www.doomworld.com/idgames/levels/doom2/megawads/drn
28th Cacowards 2021,2021,Runners-Up,Deadly Standards 3,Various,https://www.doomworld.com/idgames/levels/doom/Ports/s-u/standrd3
28th Cacowards 2021,2021,Runners-Up,DBP37: AUGER;ZENITH,Various,https://www.doomworld.com/idgames/?file=levels/doom2/Ports/megawads/dbp37_augzen
28th Cacowards 2021,2021,Honorable Mentions,Nameless,James Paddock (Jimmy),https://www.doomworld.com/idgames/levels/doom2/Ports/m-o/nameless
28th Cacowards 2021,2021,Honorable Mentions,Judgment,Blake Collins (Rayziik),https://www.doomworld.com/idgames/levels/doom2/Ports/megawads/judgment
28th Cacowards 2021,2021,Honorable Mentions,Boaty McBoatwad,Various,https://www.doomworld.com/idgames/levels/doom2/Ports/megawads/boatyboat
28th Cacowards 2021,2021,Honorable Mentions,The Long Trek Back Home,hervoheebo,https://www.doomworld.com/idgames/?file=levels/doom2/megawads/longtrek
28th Cacowards 2021,2021,Honorable Mentions,Uprising,Cheesewheel,https://www.doomworld.com/idgames/levels/doom2/Ports/megawads/uprising
28th Cacowards 2021,2021,Honorable Mentions,Perpetual Powers,Michal Kurowski (Lorenzo),https://www.doomworld.com/idgames/?file=levels/doom2/Ports/megawads/perpet
28th Cacowards 2021,2021,Honorable Mentions,Skulltiverse,Various,https://www.doomworld.com/idgames/?file=levels/doom2/Ports/megawads/skulltiverse
28th Cacowards 2021,2021,Honorable Mentions,DBK01: Dungeon Synths,Various,
28th Cacowards 2021,2021,Honorable Mentions,Zone 400,Paul Corfiatis,https://www.doomworld.com/idgames/?file=levels/doom2/megawads/zone400
28th Cacowards 2021,2021,Honorable Mentions,Sucker Punch 2,Andy Johnson (Rook),https://www.doomworld.com/idgames/?file=levels/doom2/Ports/s-u/sckrpnch2
28th Cacowards 2021,2021,Honorable Mentions,Tetraptykon,Vladimir Bespalov (Demonologist),https://www.doomworld.com/idgames/levels/doom2/Ports/s-u/tetraptykon
28th Cacowards 2021,2021,Honorable Mentions,Ray Mohawk 2,Adam Post (Doomkid),https://www.doomworld.com/idgames/?file=levels/doom2/megawads/mohawks2
28th Cacowards 2021,2021,Honorable Mentions,Micro Slaughter Community Project,Various,https://www.doomworld.com/idgames/levels/doom2/Ports/megawads/mscp_v1a
28th Cacowards 2021,2021,Honorable Mentions,Wormwood ]|[ - The Horror,Zachary Stephens (Ribbiks) and Grain of Salt,http://www.rbkz.net/doom/wormwood3.zip
28th Cacowards 2021,2021,Honorable Mentions,Dereliction Derby,PinkKittyRose,https://www.doomworld.com/idgames/levels/doom2/Ports/d-f/dereliction
28th Cacowards 2021,2021,Honorable Mentions,Testing Pool,Zan-zan-zawa-veia,https://www.doomworld.com/applications/core/interface/file/attachment.php?id=125543
28th Cacowards 2021,2021,Honorable Mentions,Bourgeois Megawad,"Decay, Adam Post (Doomkid) and Razgriz",https://www.doomworld.com/idgames/?file=levels/doom2/deathmatch/megawads/bourgfix
28th Cacowards 2021,2021,Honorable Mentions,NoReason's Speedmaps 3,NoReason,https://www.doomworld.com/idgames/?file=levels/doom2/Ports/megawads/nosp3
28th Cacowards 2021,2021,Honorable Mentions,Literalism,Various,https://mfg38.github.io/files/doom_wads/literalism.zip
28th Cacowards 2021,2021,Honorable Mentions,Archi-TEK,Romsu89,
28th Cacowards 2021,2021,Honorable Mentions,The Event Horizon,Killer5,https://www.doomworld.com/idgames/?file=levels/doom2/Ports/d-f/ehorizon
28th Cacowards 2021,2021,Special Features,10 Years of Doom contest,Various,
28th Cacowards 2021,2021,Special Features,15 Years a Doomer contest,Various,
28th Cacowards 2021,2021,Special Features,Rabbit's All-comers Mapping Project (RAMP),Various,
28th Cacowards 2021,2021,Multiplayer Awards,Rott!Zone,Matt Cibulas (RottKing),
28th Cacowards 2021,2021,Multiplayer Awards,Insanity Deathmatch,Kalle Soittila (Kaapeli47),
28th Cacowards 2021,2021,Multiplayer Awards,Strife Coop Patch Project,Nash Muhandes,
28th Cacowards 2021,2021,Gameplay Mod Awards,Painslayer,Agent_Ash,
28th Cacowards 2021,2021,Gameplay Mod Awards,WidePix,Nash Muhandes,
28th Cacowards 2021,2021,Gameplay Mod Awards,Corruption Cards,Mike Hill (CutmanMike),
28th Cacowards 2021,2021,Machaward,The UnMaking,scwiba,https://www.doomworld.com/applications/core/interface/file/attachment.php?id=226564
29th Cacowards 2022,2022,Winners,The Magenta Spire,Cole Bryden (thelamp),https://www.doomworld.com/idgames/?file=levels/doom2/Ports/megawads/magspire
29th Cacowards 2022,2022,Winners,Jumpwad,Grain of Salt and (Ribbiks),https://www.rbkz.net/doom/jumpwad.zip
29th Cacowards 2022,2022,Winners,Ozonia,Tomás Soares (Deadwing),https://www.doomworld.com/idgames/?file=levels/doom2/Ports/megawads/ozonia
29th Cacowards 2022,2022,Winners,Elementalism: Phase 1,Various,
29th Cacowards 2022,2022,Winners,Dust Devil,Captain Toenail,https://www.doomworld.com/idgames/?file=levels/doom2/Ports/d-f/dustdevil
29th Cacowards 2022,2022,Winners,Malevolence E1,Cheesewheel,
29th Cacowards 2022,2022,Winners,Don't Turn Your Back on the City,Trashbang,https://www.doomworld.com/idgames/?file=levels/doom2/Ports/d-f/dtybotc
29th Cacowards 2022,2022,Winners,Knee-Deep in Knee-Deep in Zdoom,Sarah Mancuso (esselfortium),https://www.doomworld.com/idgames/levels/doom2/megawads/kdikdizd
29th Cacowards 2022,2022,Winners,The 10x10 Project,LunchLunch,https://www.doomworld.com/idgames/?file=levels/doom2/Ports/0-9/10x10
29th Cacowards 2022,2022,Winners,Overboard,Cyriak Harris (mouldy),https://www.doomworld.com/idgames/?file=levels/doom2/Ports/megawads/overboard
29th Cacowards 2022,2022,Runners-Up,Bellatrix: Tales of Orionis (Episode 1),Franck Livolant (franckFRAG),https://www.doomworld.com/idgames/levels/doom2/a-c/bx_e1
29th Cacowards 2022,2022,Runners-Up,Solar Struggle,Various,https://www.doomworld.com/idgames/?file=levels/doom/Ports/megawads/sstruggle
29th Cacowards 2022,2022,Runners-Up,Altars of Madness,Alex Decker (myolden),https://www.doomworld.com/idgames/?file=levels/doom2/Ports/a-c/aom
29th Cacowards 2022,2022,Runners-Up,Capybara,Various,https://www.doomworld.com/idgames/?file=levels/doom2/Ports/megawads/capybara
29th Cacowards 2022,2022,Runners-Up,Pagodia,Various,https://www.doomworld.com/idgames/?file=levels/doom2/p-r/pagodia
29th Cacowards 2022,2022,Runners-Up,Anomaly Report,Michael Jan Krizik (valkiriforce),https://www.doomworld.com/idgames/?file=levels/doom2/megawads/ar
29th Cacowards 2022,2022,Runners-Up,2022: A Doom Odyssey,Various,https://www.doomworld.com/idgames/?file=levels/doom/Ports/megawads/2022ado
29th Cacowards 2022,2022,Runners-Up,Shallow World E1,Peter Blacha (Shawny),https://www.doomworld.com/idgames/?file=levels/doom2/Ports/s-u/shallowwe1
29th Cacowards 2022,2022,Runners-Up,Declared New Apocalypse,Kan3,
29th Cacowards 2022,2022,Runners-Up,Dance on the Water,Various,https://www.doomworld.com/idgames/?file=levels/doom2/Ports/d-f/dotw
29th Cacowards 2022,2022,Honorable Mentions,Occula,Bemused and Thomas Seifert (tourniquet),
29th Cacowards 2022,2022,Honorable Mentions,Atonement,Matthew DeCalzadilla (Moustachio),https://www.doomworld.com/idgames/?file=levels/doom2/megawads/atone
29th Cacowards 2022,2022,Honorable Mentions,Infection,Dennis Meuwissen (Exl) ,https://www.doomworld.com/idgames/?file=levels/doom2/Ports/g-i/infectio
29th Cacowards 2022,2022,Honorable Mentions,POOGERS,Various,https://www.doomworld.com/idgames/?file=levels/doom2/Ports/megawads/poogers
29th Cacowards 2022,2022,Honorable Mentions,Pocket Slaughter,Sander Florisson (SCF),https://www.doomworld.com/idgames/levels/doom2/Ports/megawads/pckslgt-v2
29th Cacowards 2022,2022,Honorable Mentions,PUSS IX: Mapping at Warpspeed,Various,https://www.doomworld.com/idgames/levels/doom2/Ports/megawads/pussix-warp
29th Cacowards 2022,2022,Honorable Mentions,Nostalgia,Alex Decker (myolden),https://www.doomworld.com/idgames/?file=levels/doom2/Ports/megawads/nostalgia
29th Cacowards 2022,2022,Honorable Mentions,Nensha,RonnieJamesDiner,https://www.doomworld.com/idgames/?file=levels/doom2/Ports/m-o/nensha
29th Cacowards 2022,2022,Honorable Mentions,Sign of Torment,Kain D.,https://www.doomworld.com/idgames/?file=levels/doom2/Ports/megawads/sot
29th Cacowards 2022,2022,Honorable Mentions,Wretched Flesh,HALFCOOL,https://www.doomworld.com/idgames/?file=levels/doom2/Ports/v-z/wretchedflsh
29th Cacowards 2022,2022,Honorable Mentions,Plutonia Revisited Community Project 2,Various,https://www.doomworld.com/idgames/?file=levels/doom2/Ports/megawads/prcp2
29th Cacowards 2022,2022,Honorable Mentions,Hydrosphere,Brian Irving (Bri),https://www.doomworld.com/idgames/?file=levels/doom2/Ports/g-i/hydrosphere
29th Cacowards 2022,2022,Honorable Mentions,Ante Mortem Episode 1,Snaxalotl,
29th Cacowards 2022,2022,Honorable Mentions,Caffeine Injection,Misty,https://www.doomworld.com/idgames/?file=levels/doom2/Ports/a-c/caf_inj
29th Cacowards 2022,2022,Honorable Mentions,Ethereal Breakdown,Various,
29th Cacowards 2022,2022,Honorable Mentions,Corrupted Cistern,Christopher Lutz,https://www.doomworld.com/idgames/?file=levels/doom2/Ports/a-c/cis-lutz
29th Cacowards 2022,2022,Honorable Mentions,Azazel's Second Descent,Bloodbath Giraffe,https://www.doomworld.com/idgames/?file=levels/doom2/Ports/megawads/azazeldescen
29th Cacowards 2022,2022,Honorable Mentions,100 Line Massacre,NinjaDelphox and Arsinikk,https://www.doomworld.com/idgames/?file=levels/doom2/megawads/100lnm
29th Cacowards 2022,2022,Honorable Mentions,Elysium's Curse Episode 1,Bri,
29th Cacowards 2022,2022,Honorable Mentions,The Box of a Thousand Demons,Cristiana Montanari (Thelokk),https://www.doomworld.com/idgames/?file=levels/doom2/Ports/megawads/boa2kd
29th Cacowards 2022,2022,Honorable Mentions,Relyctum,BeeWen,
29th Cacowards 2022,2022,Honorable Mentions,Irkalla,Various,https://www.doomworld.com/idgames/?file=levels/doom2/Ports/g-i/irkalla
29th Cacowards 2022,2022,Special Features,Jamal Jones - Doomkid's 20 Years Mapping Contest,Various,
29th Cacowards 2022,2022,Special Features,Greenian,BeeWen,
29th Cacowards 2022,2022,Special Features,Doom CE,molecicco,
29th Cacowards 2022,2022,Multiplayer Awards,Horde mode for Odamex & Hordamex,Various,
29th Cacowards 2022,2022,Multiplayer Awards,Frantik DM 2,Colton Murchison (Arrowhead),
29th Cacowards 2022,2022,Gameplay Mod Awards,Gun Bonsai,ToxicFrog,
29th Cacowards 2022,2022,Gameplay Mod Awards,Voxel Doom,Cheello,
